{

    "metadata" :
    {
        "formatVersion" : 3.1,
        "sourceFile"    : "icosphere.obj",
        "generatedBy"   : "OBJConverter",
        "vertices"      : 240,
        "faces"         : 80,
        "normals"       : 80,
        "colors"        : 0,
        "uvs"           : 0,
        "materials"     : 1
    },

    "scale" : 1.000000,

    "materials": [	{
	"DbgColor" : 15658734,
	"DbgIndex" : 0,
	"DbgName" : "Color_005"
	}],

    "vertices": [0.451063,1.850654,-0.837542,0.100410,1.447220,-0.723608,0.451060,1.525738,-0.311813,0.100410,1.447220,-0.723608,0.142044,1.000000,-0.412211,0.451060,1.525738,-0.311813,0.951058,1.850654,-0.474275,0.451063,1.850654,-0.837542,0.451060,1.525738,-0.311813,0.142042,1.525736,-1.262861,0.100410,1.447220,-0.723608,0.451063,1.850654,-0.837542,0.451060,1.525738,-0.311813,0.142044,1.000000,-0.412211,0.642046,1.000000,-0.048942,-0.048942,1.000000,-1.000000,0.142044,1.000000,-0.412211,0.100410,1.447220,-0.723608,0.951058,1.850654,-0.474275,0.451060,1.525738,-0.311813,0.951058,1.447220,-0.105576,0.951058,2.000000,-1.000000,0.451063,1.850654,-0.837542,0.951058,1.850654,-0.474275,0.142042,1.525736,-1.262861,-0.048942,1.000000,-1.000000,0.100410,1.447220,-0.723608,0.642040,1.850654,-1.425318,0.142042,1.525736,-1.262861,0.451063,1.850654,-0.837542,0.142044,1.000000,-0.412211,0.425336,0.552780,-0.276390,0.642046,1.000000,-0.048942,0.451060,1.525738,-0.311813,0.642046,1.000000,-0.048942,0.951058,1.447220,-0.105576,-0.048942,1.000000,-1.000000,0.142045,0.474264,-0.737133,0.142044,1.000000,-0.412211,0.951058,1.850654,-0.474275,0.951058,1.447220,-0.105576,1.451061,1.525736,-0.311815,1.451058,1.850652,-0.837543,0.951058,2.000000,-1.000000,0.951058,1.850654,-0.474275,0.951058,2.000000,-1.000000,0.642040,1.850654,-1.425318,0.451063,1.850654,-0.837542,0.142035,1.000000,-1.587777,-0.048942,1.000000,-1.000000,0.142042,1.525736,-1.262861,0.642040,1.850654,-1.425318,0.425321,1.447220,-1.723599,0.142042,1.525736,-1.262861,0.642046,1.000000,-0.048942,0.425336,0.552780,-0.276390,0.951067,0.474262,-0.149353,0.142045,0.474264,-0.737133,0.425336,0.552780,-0.276390,0.142044,1.000000,-0.412211,0.951058,1.447220,-0.105576,0.642046,1.000000,-0.048942,1.260080,1.000000,-0.048945,0.100407,0.552784,-1.276389,0.142045,0.474264,-0.737133,-0.048942,1.000000,-1.000000,1.451061,1.525736,-0.311815,0.951058,1.447220,-0.105576,1.260080,1.000000,-0.048945,1.451061,1.525736,-0.311815,1.451058,1.850652,-0.837543,0.951058,1.850654,-0.474275,1.451058,1.850652,-0.837543,1.260067,1.850654,-1.425324,0.951058,2.000000,-1.000000,1.260067,1.850654,-1.425324,0.642040,1.850654,-1.425318,0.951058,2.000000,-1.000000,0.142035,1.000000,-1.587777,0.100407,0.552784,-1.276389,-0.048942,1.000000,-1.000000,0.425321,1.447220,-1.723599,0.142035,1.000000,-1.587777,0.142042,1.525736,-1.262861,0.642040,1.850654,-1.425318,0.951049,1.525738,-1.850646,0.425321,1.447220,-1.723599,0.425336,0.552780,-0.276390,0.642049,0.149346,-0.574676,0.951067,0.474262,-0.149353,0.642046,1.000000,-0.048942,0.951067,0.474262,-0.149353,1.260080,1.000000,-0.048945,0.642049,0.149346,-0.574676,0.425336,0.552780,-0.276390,0.142045,0.474264,-0.737133,0.100407,0.552784,-1.276389,0.451058,0.149348,-1.162457,0.142045,0.474264,-0.737133,1.451061,1.525736,-0.311815,1.260080,1.000000,-0.048945,1.760081,1.000000,-0.412223,1.801709,1.447216,-0.723611,1.451058,1.850652,-0.837543,1.451061,1.525736,-0.311815,1.760071,1.525736,-1.262867,1.260067,1.850654,-1.425324,1.451058,1.850652,-0.837543,1.260067,1.850654,-1.425324,0.951049,1.525738,-1.850646,0.642040,1.850654,-1.425318,0.451055,0.474264,-1.688185,0.100407,0.552784,-1.276389,0.142035,1.000000,-1.587777,0.425321,1.447220,-1.723599,0.642036,1.000000,-1.951055,0.142035,1.000000,-1.587777,0.951049,1.525738,-1.850646,0.642036,1.000000,-1.951055,0.425321,1.447220,-1.723599,1.260076,0.149346,-0.574682,0.951067,0.474262,-0.149353,0.642049,0.149346,-0.574676,1.260080,1.000000,-0.048945,0.951067,0.474262,-0.149353,1.476795,0.552780,-0.276401,0.642049,0.149346,-0.574676,0.142045,0.474264,-0.737133,0.451058,0.149348,-1.162457,0.451058,0.149348,-1.162457,0.100407,0.552784,-1.276389,0.451055,0.474264,-1.688185,1.260080,1.000000,-0.048945,1.476795,0.552780,-0.276401,1.760081,1.000000,-0.412223,1.801709,1.447216,-0.723611,1.451061,1.525736,-0.311815,1.760081,1.000000,-0.412223,1.760071,1.525736,-1.262867,1.451058,1.850652,-0.837543,1.801709,1.447216,-0.723611,1.760071,1.525736,-1.262867,1.476780,1.447220,-1.723609,1.260067,1.850654,-1.425324,1.260067,1.850654,-1.425324,1.476780,1.447220,-1.723609,0.951049,1.525738,-1.850646,0.642036,1.000000,-1.951055,0.451055,0.474264,-1.688185,0.142035,1.000000,-1.587777,0.951049,1.525738,-1.850646,1.260070,1.000000,-1.951058,0.642036,1.000000,-1.951055,1.260076,0.149346,-0.574682,0.642049,0.149346,-0.574676,0.951058,0.000000,-1.000000,1.476795,0.552780,-0.276401,0.951067,0.474262,-0.149353,1.260076,0.149346,-0.574682,0.951058,0.000000,-1.000000,0.642049,0.149346,-0.574676,0.451058,0.149348,-1.162457,0.951058,0.149346,-1.525725,0.451058,0.149348,-1.162457,0.451055,0.474264,-1.688185,1.760074,0.474264,-0.737139,1.760081,1.000000,-0.412223,1.476795,0.552780,-0.276401,1.951058,1.000000,-1.000000,1.801709,1.447216,-0.723611,1.760081,1.000000,-0.412223,1.760071,1.525736,-1.262867,1.801709,1.447216,-0.723611,1.951058,1.000000,-1.000000,1.476780,1.447220,-1.723609,1.760071,1.525736,-1.262867,1.760072,1.000000,-1.587789,0.951049,1.525738,-1.850646,1.476780,1.447220,-1.723609,1.260070,1.000000,-1.951058,0.642036,1.000000,-1.951055,0.951058,0.552780,-1.894424,0.451055,0.474264,-1.688185,1.260070,1.000000,-1.951058,0.951058,0.552780,-1.894424,0.642036,1.000000,-1.951055,1.451053,0.149346,-1.162458,1.260076,0.149346,-0.574682,0.951058,0.000000,-1.000000,1.760074,0.474264,-0.737139,1.476795,0.552780,-0.276401,1.260076,0.149346,-0.574682,0.951058,0.000000,-1.000000,0.451058,0.149348,-1.162457,0.951058,0.149346,-1.525725,0.951058,0.552780,-1.894424,0.951058,0.149346,-1.525725,0.451055,0.474264,-1.688185,1.951058,1.000000,-1.000000,1.760081,1.000000,-0.412223,1.760074,0.474264,-0.737139,1.760072,1.000000,-1.587789,1.760071,1.525736,-1.262867,1.951058,1.000000,-1.000000,1.476780,1.447220,-1.723609,1.760072,1.000000,-1.587789,1.260070,1.000000,-1.951058,1.260070,1.000000,-1.951058,1.451056,0.474262,-1.688187,0.951058,0.552780,-1.894424,1.451053,0.149346,-1.162458,0.951058,0.000000,-1.000000,0.951058,0.149346,-1.525725,1.760074,0.474264,-0.737139,1.260076,0.149346,-0.574682,1.451053,0.149346,-1.162458,0.951058,0.552780,-1.894424,1.451056,0.474262,-1.688187,0.951058,0.149346,-1.525725,1.801706,0.552780,-1.276392,1.951058,1.000000,-1.000000,1.760074,0.474264,-0.737139,1.760072,1.000000,-1.587789,1.951058,1.000000,-1.000000,1.801706,0.552780,-1.276392,1.760072,1.000000,-1.587789,1.451056,0.474262,-1.688187,1.260070,1.000000,-1.951058,1.451056,0.474262,-1.688187,1.451053,0.149346,-1.162458,0.951058,0.149346,-1.525725,1.801706,0.552780,-1.276392,1.760074,0.474264,-0.737139,1.451053,0.149346,-1.162458,1.451056,0.474262,-1.688187,1.760072,1.000000,-1.587789,1.801706,0.552780,-1.276392,1.801706,0.552780,-1.276392,1.451053,0.149346,-1.162458,1.451056,0.474262,-1.688187],

    "morphTargets": [],

    "morphColors": [],